{
  "periods": 72,
  "decision_count": 432,
  "go_count": 411,
  "reject_count": 21,
  "strategy_cumulative_return": 5.960614,
  "benchmark_cumulative_return": 7.707092,
  "alpha": -1.746478,
  "strategy_max_drawdown": 0.0,
  "benchmark_max_drawdown": -0.024098,
  "decision_hit_rate": 0.965937,
  "rejection_precision": 0.047619,
  "strategy_curve": [
    1.066361,
    1.146642,
    1.227432,
    1.31574,
    1.433984,
    1.543139,
    1.63221,
    1.707192,
    1.830172,
    1.921128,
    2.033058,
    2.16132,
    2.249811,
    2.349673,
    2.370484,
    2.380777,
    2.437737,
    2.486192,
    2.500428,
    2.537171,
    2.569335,
    2.640783,
    2.770866,
    2.882518,
    2.985957,
    3.084007,
    3.181874,
    3.281489,
    3.421527,
    3.456218,
    3.476354,
    3.514458,
    3.544869,
    3.553415,
    3.60532,
    3.644175,
    3.660041,
    3.699592,
    3.807431,
    3.889596,
    4.018788,
    4.088205,
    4.16104,
    4.226019,
    4.299159,
    4.355104,
    4.440033,
    4.524926,
    4.609131,
    4.673078,
    4.736678,
    4.832108,
    4.953283,
    5.073945,
    5.163774,
    5.27305,
    5.367306,
    5.457675,
    5.591393,
    5.703177,
    5.788924,
    5.87192,
    5.962318,
    6.090788,
    6.227142,
    6.333502,
    6.434705,
    6.533259,
    6.637379,
    6.725013,
    6.842304,
    6.960614
  ],
  "benchmark_curve": [
    1.025633,
    1.063445,
    1.090385,
    1.123661,
    1.17827,
    1.230606,
    1.263627,
    1.285635,
    1.342589,
    1.369508,
    1.461562,
    1.532277,
    1.577683,
    1.615362,
    1.618621,
    1.652854,
    1.670677,
    1.713948,
    1.699122,
    1.672645,
    1.675878,
    1.73364,
    1.819542,
    1.918525,
    1.955328,
    2.018519,
    2.085802,
    2.148933,
    2.250363,
    2.313222,
    2.340865,
    2.4068,
    2.453292,
    2.526197,
    2.626024,
    2.715748,
    2.721633,
    2.800696,
    2.90577,
    2.985243,
    3.142416,
    3.266855,
    3.321739,
    3.310388,
    3.370912,
    3.446141,
    3.593636,
    3.765293,
    3.864508,
    3.898582,
    3.959723,
    4.073696,
    4.232774,
    4.543036,
    4.661532,
    4.771232,
    4.95532,
    5.093821,
    5.382728,
    5.635538,
    5.869131,
    5.900631,
    5.994746,
    6.200965,
    6.562897,
    6.801347,
    7.107747,
    7.355218,
    7.582862,
    7.816285,
    8.269762,
    8.707092
  ],
  "strategy_drawdown_curve": [
    0.0,
    0.0,
    0.0,
    0.0,
    0.0,
    0.0,
    0.0,
    0.0,
    0.0,
    0.0,
    0.0,
    0.0,
    0.0,
    0.0,
    0.0,
    0.0,
    0.0,
    0.0,
    0.0,
    0.0,
    0.0,
    0.0,
    0.0,
    0.0,
    0.0,
    0.0,
    0.0,
    0.0,
    0.0,
    0.0,
    0.0,
    0.0,
    0.0,
    0.0,
    0.0,
    0.0,
    0.0,
    0.0,
    0.0,
    0.0,
    0.0,
    0.0,
    0.0,
    0.0,
    0.0,
    0.0,
    0.0,
    0.0,
    0.0,
    0.0,
    0.0,
    0.0,
    0.0,
    0.0,
    0.0,
    0.0,
    0.0,
    0.0,
    0.0,
    0.0,
    0.0,
    0.0,
    0.0,
    0.0,
    0.0,
    0.0,
    0.0,
    0.0,
    0.0,
    0.0,
    0.0,
    0.0
  ],
  "benchmark_drawdown_curve": [
    0.0,
    0.0,
    0.0,
    0.0,
    0.0,
    0.0,
    0.0,
    0.0,
    0.0,
    0.0,
    0.0,
    0.0,
    0.0,
    0.0,
    0.0,
    0.0,
    0.0,
    0.0,
    -0.00865,
    -0.024098,
    -0.022212,
    0.0,
    0.0,
    0.0,
    0.0,
    0.0,
    0.0,
    0.0,
    0.0,
    0.0,
    0.0,
    0.0,
    0.0,
    0.0,
    0.0,
    0.0,
    0.0,
    0.0,
    0.0,
    0.0,
    0.0,
    0.0,
    0.0,
    -0.003417,
    0.0,
    0.0,
    0.0,
    0.0,
    0.0,
    0.0,
    0.0,
    0.0,
    0.0,
    0.0,
    0.0,
    0.0,
    0.0,
    0.0,
    0.0,
    0.0,
    0.0,
    0.0,
    0.0,
    0.0,
    0.0,
    0.0,
    0.0,
    0.0,
    0.0,
    0.0,
    0.0,
    0.0
  ],
  "initial_capital": 1000000,
  "ending_capital": 6960612.5,
  "gate_breakdown": {
    "GO": 411,
    "NO_GO_FACTOR": 21
  }
}